{
	"info": {
		"_postman_id": "11e768d6-8466-4847-b47d-9397a7828d74",
		"name": "P3 Parcial C",
		"schema": "https://schema.getpostman.com/json/collection/v2.1.0/collection.json"
	},
	"item": [
		{
			"name": "Punto 1",
			"request": {
				"method": "POST",
				"header": [],
				"body": {
					"mode": "formdata",
					"formdata": [
						{
							"key": "email",
							"value": "mail@mail.com",
							"type": "text"
						},
						{
							"key": "tipo",
							"value": "user",
							"type": "text"
						},
						{
							"key": "password",
							"value": "123",
							"type": "text"
						},
						{
							"key": "imagen",
							"type": "file",
							"src": "/Users/contingencia/Downloads/cb617c67d7c7e13d46ee4dc224168337.jpg"
						}
					]
				},
				"url": {
					"raw": "{{url}}registro",
					"host": [
						"{{url}}registro"
					]
				}
			},
			"response": []
		},
		{
			"name": "Punto 2",
			"request": {
				"method": "POST",
				"header": [],
				"body": {
					"mode": "formdata",
					"formdata": [
						{
							"key": "email",
							"value": "mail@mail.com",
							"type": "text"
						},
						{
							"key": "password",
							"value": "123",
							"type": "text"
						}
					]
				},
				"url": {
					"raw": "{{url}}login",
					"host": [
						"{{url}}login"
					]
				}
			},
			"response": []
		},
		{
			"name": "Punto 3",
			"request": {
				"method": "POST",
				"header": [
					{
						"key": "token",
						"type": "text",
						"value": "{{token}}"
					}
				],
				"body": {
					"mode": "formdata",
					"formdata": [
						{
							"key": "marca",
							"value": "marca",
							"type": "text"
						},
						{
							"key": "modelo",
							"value": "modelo",
							"type": "text"
						},
						{
							"key": "patente",
							"value": "ccc333",
							"type": "text"
						},
						{
							"key": "precio",
							"value": "1234",
							"type": "text"
						}
					]
				},
				"url": {
					"raw": "{{url}}vehiculo",
					"host": [
						"{{url}}vehiculo"
					]
				}
			},
			"response": []
		},
		{
			"name": "Punto 4",
			"protocolProfileBehavior": {
				"disableBodyPruning": true
			},
			"request": {
				"method": "GET",
				"header": [
					{
						"key": "token",
						"value": "{{token}}",
						"type": "text"
					}
				],
				"body": {
					"mode": "formdata",
					"formdata": []
				},
				"url": {
					"raw": "{{url}}patente/marca",
					"host": [
						"{{url}}patente"
					],
					"path": [
						"marca"
					]
				}
			},
			"response": []
		},
		{
			"name": "Punto 5",
			"request": {
				"method": "POST",
				"header": [
					{
						"key": "token",
						"value": "{{token}}",
						"type": "text"
					}
				],
				"body": {
					"mode": "formdata",
					"formdata": [
						{
							"key": "id",
							"value": "2",
							"type": "text"
						},
						{
							"key": "tipo",
							"value": "50.000km",
							"type": "text"
						},
						{
							"key": "precio",
							"value": "456",
							"type": "text"
						},
						{
							"key": "demora",
							"value": "456",
							"type": "text"
						}
					]
				},
				"url": {
					"raw": "{{url}}servicio",
					"host": [
						"{{url}}servicio"
					]
				}
			},
			"response": []
		},
		{
			"name": "Punto 6",
			"request": {
				"method": "POST",
				"header": [
					{
						"key": "token",
						"value": "{{token}}",
						"type": "text"
					}
				],
				"body": {
					"mode": "formdata",
					"formdata": [
						{
							"key": "id",
							"value": "1",
							"type": "text"
						},
						{
							"key": "patente",
							"value": "ccc333",
							"type": "text"
						},
						{
							"key": "fecha",
							"value": "14/10/2020",
							"type": "text"
						}
					]
				},
				"url": {
					"raw": "{{url}}turno",
					"host": [
						"{{url}}turno"
					]
				}
			},
			"response": []
		},
		{
			"name": "Punto 7",
			"request": {
				"method": "POST",
				"header": [
					{
						"key": "token",
						"type": "text",
						"value": "{{token}}"
					}
				],
				"body": {
					"mode": "formdata",
					"formdata": [
						{
							"key": "imagen",
							"type": "file",
							"src": []
						}
					]
				},
				"url": {
					"raw": "{{url}}users",
					"host": [
						"{{url}}users"
					]
				}
			},
			"response": []
		}
	],
	"protocolProfileBehavior": {}
}